CATGCCTGTGTTTAGC-1	951483010581633366 951483010581633366 951483010581633366 641944179395081929 446169243442097243 567364140181144306
CATGCCTGTGTTTAGC-1	951483010581633366 951483010581633366 951483010581633366 951483010581633366 951483010581633366 951483010581633366 951483010581633366 323547015043161840 162944604054221907 424004849461329158
ACTGAGTTCTAAGAGA-1	163460017794269358 282169880715541090 227069502170258670 227069502170258670 227069502170258670 227069502170258670
ACTGAGTTCTAAGAGA-1	302141406611149932 40624258138115772 56333843744413365 198594143903700127 654165119061549466
GCCAGGTAGAAACCGC-1	283926692709789475 227069502170258670 227069502170258670 227069502170258670 681376473354157411
GCCAGGTAGAAACCGC-1	22898042348635235 292954754128581121 56333843744413365 245744563434994989 379316686765234016
TGGACGCAGGAGATCC-1	227069502170258670 97172648443176887 510142732993416414 790603311582579601 17565308028243862
TGGACGCAGGAGATCC-1	225965356789245302 295929512590047616 110916176568558409 190554822603982408 819419200123207199 871356383417685464 471495345573767262
GACCTGGGTAAACAAC-1	44353832159454677 1058721357728736319 1073310063369469140 250838498750570768
GACCTGGGTAAACAAC-1	44353832159454677 318692526050268746 341930691941064092 442160675425992546 257000888566540790 216320444401304965
AATCCGAGTAGCTTGT-1	195622974316758337 126377619897132713 186691208181975446 264775812102396720 201892310021078178
AATCCGAGTAGCTTGT-1	72430295186530654 112022900878678583 158473015222846559 227069502170258670 379316686765234016 123765548096259041
TACCTTATCGTGGTCG-1	17565308028243862 139596915085781261 17782246217993180
TACCTTATCGTGGTCG-1	227069502170258670 17782246217993180 139596915085781261 17565308028243862
GACTGCGGTCGAGATG-1	951483010581633366 951483010581633366 951483010581633366 951483010581633366 951483010581633366 951483010581633366 641944179395081929 446169243442097243 431555112416301100
GACTGCGGTCGAGATG-1	736235126076745092 145189768431311557 438754899176852577 725623464095073297 732169088211991677 1137516384036848128 944810215380514608 237907444545823813 230821815128589752
AGGGATGAGAGTCCTT-1	421505162205164542 283926692709789475 656230717836828623 486809751752108139
AGGGATGAGAGTCCTT-1	283926692709789475 899877010832438979 624635170081085693 55893163030658612 227069502170258670
TGCCCATTCACCCTCA-1	341930691941064092 442160675425992546 348542343383927390 82051043514505084
TGCCCATTCACCCTCA-1	261610782614125793 167887242416158429 144956016173932759 149977714888068548 719087184763659523 837944411633318179
AACCATGCACTATTCT-1	17565308028243862 227069502170258670 227069502170258670 227069502170258670 227069502170258670
AACCATGCACTATTCT-1	227069502170258670 227069502170258670 227069502170258670 227069502170258670 227069502170258670 227069502170258670 17565308028243862 226266546430860976
